{"loss": [127.2438735961914, 47.996578216552734, 48.12287902832031, 47.44498062133789, 47.80107498168945, 47.30482482910156, 47.913875579833984], "risk_output_accuracy": [0.08124999701976776, 0.07124999910593033, 0.09000000357627869, 0.05624999850988388, 0.07374999672174454, 0.03375000134110451, 0.0949999988079071], "risk_output_loss": [1.1788684129714966, 1.155137062072754, 1.1431607007980347, 1.138352632522583, 1.1544710397720337, 1.130699872970581, 1.12631094455719], "time_output_loss": [126.06500244140625, 46.84144973754883, 46.97972106933594, 46.306636810302734, 46.6465950012207, 46.17412185668945, 46.78755187988281], "time_output_mae": [3.3591864109039307, 11.17432975769043, 11.531240463256836, 11.612005233764648, 11.260897636413574, 11.415919303894043, 11.690045356750488], "val_loss": [51.96181106567383, 42.72468185424805, 43.03984832763672, 43.14582443237305, 42.953590393066406, 42.76436996459961, 43.474849700927734], "val_risk_output_accuracy": [0.07999999821186066, 0.07999999821186066, 0.07999999821186066, 0.1599999964237213, 0.07999999821186066, 0.07999999821186066, 0.07999999821186066], "val_risk_output_loss": [1.1524440050125122, 1.111025094985962, 1.1022905111312866, 1.1144747734069824, 1.0989056825637817, 1.106643795967102, 1.0964688062667847], "val_time_output_loss": [51.25535202026367, 42.167701721191406, 42.46598815917969, 42.55885696411133, 42.38568115234375, 42.19663619995117, 42.89712905883789], "val_time_output_mae": [8.929424285888672, 12.151362419128418, 11.367772102355957, 11.292825698852539, 11.441226959228516, 11.685680389404297, 11.072304725646973]}